<configuration>
    <appender name="STDOUT" class="ch.qos.logback.core.ConsoleAppender">
        <!-- On Windows machines setting withJansi to true enables ANSI
             color code interpretation by the Jansi library. This requires
             org.fusesource.jansi:jansi:1.8 on the class path.  Note that
             Unix-based operating systems such as Linux and Mac OS X
             support ANSI color codes by default. -->
        <withJansi>true</withJansi>
        <encoder>
            <pattern>%d{MM/dd HH:mm:ss,SSS} %highlight(%-5level) %cyan(%logger{30}:%L) - %msg %n</pattern>
        </encoder>
    </appender>
    <root level="OFF">
        <appender-ref ref="STDOUT"/>
    </root>
</configuration>
